1.    List all customer details. 

mysql> select * from Customer;
+-----+---------+-------------+-----------------+-------------+
| id  | name    | address     | city            | ph_no       |
+-----+---------+-------------+-----------------+-------------+
| 120 | aaliya  | veede       | ktym            | 456465656   |
| 121 | akshara | manakattu   | kozhikode       | 3454566770  |
| 122 | nileena | palathinkal | kannur          | 3495854495  |
| 123 | femi    | kuduimbam   | thrisssur       | 34545343400 |
| 124 | hiba    | parambil    | perithalmanna   | 1234567780  |
| 126 | kichu   | nalukatte   | perinthalmaanna | 3445667778  |
| 127 | vysh    | koledathe   | malappuram      | 3433354400  |
| 128 | aali    | baithul     | ktym            |             |
+-----+---------+-------------+-----------------+-------------+
8 rows in set (0.00 sec)

2.    List pname, price of all products.
mysql> select  pname,price from Product;
+--------+-------+
| pname  | price |
+--------+-------+
| book   |    51 |
| pen    |   102 |
| pencil |    51 |
| box    |   102 |
| bat    |   612 |
| ball   |    41 |
| baloon |    31 |
+--------+-------+
7 rows in set (0.00 sec)

3.    List all invoice items, avoid duplicates.
 
 mysql> select DISTINCT inv_id  from INVOICE_ITEM;
+--------+
| inv_id |
+--------+
|     16 |
+--------+
2 rows in set (0.00 sec)

4.    List product price between 50rs and 150rs

mysql> select * from Product where price between 50 and 150;
+-----+--------+-------+
| pid | pname  | price |
+-----+--------+-------+
|  12 | book   |    51 |
|  13 | pen    |   102 |
|  14 | pencil |    51 |
|  15 | box    |   102 |
+-----+--------+-------+
4 rows in set (0.00 sec)


5.    List the customer details who lives in ‘perinthalmanna’,’ktym’.

mysql> select * from Customer where city="perinthalmaanna"or city= "ktym";
+-----+--------+-----------+-----------------+------------+
| id  | name   | address   | city            | ph_no      |
+-----+--------+-----------+-----------------+------------+
| 120 | aaliya | veede     | ktym            | 456465656  |
| 124 | hiba   | parambil  | perithalmaanna  | 1234567780 |
| 126 | kichu  | nalukatte | perinthalmaanna | 3445667778 |
| 128 | aali   | baithul   | ktym            |            |
+-----+--------+-----------+-----------------+------------+
3 rows in set (0.01 sec)


6.    List the invoice details from 1st January 2023 to 15th February 2023

mysql> select * from INVOICE_MASTER where inv_date between '2023-01-20' and '2023-03-15';
+--------+------+------------+
| inv_id | id   | inv_date   |
+--------+------+------------+
|     12 |  121 | 2023-01-20 |
|     16 |  126 | 2023-02-13 |
|     17 |  127 | 2023-03-15 |
+--------+------+------------+
3 rows in set (0.00 sec)


7.    List the customer details who not live in ‘tvm’.

mysql> select * from Customer where city!="ktym";
+-----+---------+-------------+-----------------+-------------+
| id  | name    | address     | city            | ph_no       |
+-----+---------+-------------+-----------------+-------------+
| 121 | akshara | manakattu   | kozhikode       | 3454566770  |
| 122 | nileena | palathinkal | kannur          | 3495854495  |
| 123 | femi    | kuduimbam   | thrisssur       | 34545343400 |
| 124 | hiba    | parambil    | perithalmanna   | 1234567780  |
| 126 | kichu   | nalukatte   | perinthalmaanna | 3445667778  |
| 127 | vysh    | koledathe   | malappuram      | 3433354400  |
| 145 | fidha   | pallath     | mahe            | NULL        |
+-----+---------+-------------+-----------------+-------------+
7 rows in set (0.00 sec)


8.    List the customers who have no phone number.

mysql> select * from Customer where ph_no is null;
+-----+-------+---------+------+-------+
| id  | name  | address | city | ph_no |
+-----+-------+---------+------+-------+
| 145 | fidha | pallath | mahe | NULL  |
+-----+-------+---------+------+-------+
1 row in set (0.00 sec)




9.    Display customer names in descending order.

mysql> select * from Customer order by name desc;
+-----+---------+-------------+-----------------+-------------+
| id  | name    | address     | city            | ph_no       |
+-----+---------+-------------+-----------------+-------------+
| 127 | vysh    | koledathe   | malappuram      | 3433354400  |
| 122 | nileena | palathinkal | kannur          | 3495854495  |
| 126 | kichu   | nalukatte   | perinthalmaanna | 3445667778  |
| 124 | hiba    | parambil    | perithalmanna   | 1234567780  |
| 123 | femi    | kuduimbam   | thrisssur       | 34545343400 |
| 121 | akshara | manakattu   | kozhikode       | 3454566770  |
| 120 | aaliya  | veede       | ktym            | 456465656   |
| 128 | aali    | baithul     | ktym            |             |
+-----+---------+-------------+-----------------+-------------+
8 rows in set (0.00 sec)



10. Display the customer details sorted in ascending by city and descending by names.

mysql> select * from Customer order by city asc,name desc;
+-----+---------+-------------+-----------------+-------------+
| id  | name    | address     | city            | ph_no       |
+-----+---------+-------------+-----------------+-------------+
| 122 | nileena | palathinkal | kannur          | 3495854495  |
| 121 | akshara | manakattu   | kozhikode       | 3454566770  |
| 120 | aaliya  | veede       | ktym            | 456465656   |
| 128 | aali    | baithul     | ktym            |             |
| 127 | vysh    | koledathe   | malappuram      | 3433354400  |
| 126 | kichu   | nalukatte   | perinthalmaanna | 3445667778  |
| 124 | hiba    | parambil    | perithalmanna   | 1234567780  |
| 123 | femi    | kuduimbam   | thrisssur       | 34545343400 |
+-----+---------+-------------+-----------------+-------------+
8 rows in set (0.00 sec)


11. Find the customer names start with ‘f’.

mysql> select name from Customer where name like 'f%';
+-------+
| name  |
+-------+
| femi  |
| fidha |
+-------+


12. Find the customer names who have ‘e’ or ‘a’ in them.


mysql>  SELECT name FROM Customer WHERE name LIKE '%a%'OR name LIKE '%e%'; 
+---------+
| name    |
+---------+
| aaliya  |
| akshara |
| nileena |
| femi    |
| hiba    |
| aali    |
| fidha   |
+---------+
7 rows in set (0.00 sec)

13. Find the customer names who have at least 3 characters.


mysql> SELECT name FROM Customer WHERE name LIKE '___%';
+---------+
| name    |
+---------+
| aaliya  |
| akshara |
| nileena |
| femi    |
| hiba    |
| kichu   |
| vysh    |
| aali    |
| fidha   |
+---------+
9 rows in set (0.00 sec)

14. List the names of customers their names have ‘i’ in second position.

mysql> select name from Customer where name like '_i%';
+---------+
| name    |
+---------+
| nileena |
| hiba    |
| kichu   |
| fidha   |
+---------+


15. Find the customer names start with ‘f’ and are at least 3 characters in length.
mysql> select name from Customer where name like 'f___%';
+-------+
| name  |
+-------+
| femi  |
| fidha |
+-------+
2 rows in set (0.00 sec)
