                                 1.5  ACCESSING DATABASE: (SUBQUERY)
                                 
                                 ************************************
   mysql> select * from Customer;
+-----+---------+-------------+-----------------+-------------+
| id  | name    | address     | city            | ph_no       |
+-----+---------+-------------+-----------------+-------------+
| 120 | aaliya  | veede       | ktym            | 456465656   |
| 121 | akshara | manakattu   | kozhikode       | 3454566770  |
| 122 | nileena | palathinkal | kannur          | 3495854495  |
| 123 | femi    | kuduimbam   | thrisssur       | 34545343400 |
| 124 | hiba    | parambil    | perithalmanna   | 1234567780  |
| 126 | kichu   | nalukatte   | perinthalmaanna | 3445667778  |
| 127 | vysh    | koledathe   | malappuram      | 3433354400  |
| 128 | aali    | baithul     | ktym            |             |
| 145 | fidha   | pallath     | mahe            | NULL        |
+-----+---------+-------------+-----------------+-------------+
9 rows in set (0.00 sec)

mysql> select * from Product;
+-----+--------+-------+
| pid | pname  | price |
+-----+--------+-------+
|  12 | book   |    51 |
|  13 | pen    |   102 |
|  14 | pencil |    51 |
|  15 | box    |   102 |
|  16 | bat    |   612 |
|  17 | ball   |    41 |
|  18 | baloon |    31 |
+-----+--------+-------+
7 rows in set (0.00 sec)

mysql> select * from INVOICE_MASTER;
+--------+------+------------+
| inv_id | id   | inv_date   |
+--------+------+------------+
|     12 |  121 | 2023-01-20 |
|     13 |  123 | 2023-01-10 |
|     16 |  126 | 2023-02-13 |
|     17 |  127 | 2023-03-15 |
+--------+------+------------+
4 rows in set (0.00 sec)

mysql> select * from INVOICE_ITEM;
+--------+------+----------+
| inv_id | pid  | quantity |
+--------+------+----------+
|     12 |   13 |       75 |
|     12 |   13 |       75 |
|     16 |   17 |       20 |
+--------+------+----------+
3 rows in set (0.00 sec)

:::::::::::::::::::::::::::::::::::::::::::::::::::::::::::::::::::::::::::::::::::::::::::::::::::::::::::::::::::::::::::::::::::::::::                                               1.5  ACCESSING DATABASE: (SUBQUERY)
                                 
                                 ************************************

1.    List the customer names of invoice date 3rd February 2023.

 mysql>  SELECT name FROM Customer WHERE id IN (SELECT id FROM INVOICE_MASTER WHERE inv_date='2023-03-15');
+------+
| name |
+------+
| vysh |
+------+
1 row in set (0.01 sec)
**************************************************************************************************************************************


2.    List the product name and price of each invoice item.

mysql> SELECT pname ,price from Product where pid in(select pid from INVOICE_ITEM);
+-------+-------+
| pname | price |
+-------+-------+
| pen   |   102 |
| ball  |    41 |
+-------+-------+
2 rows in set (0.00 sec)
***************************************************************************************************************************************


3.    List the product names, only include their purchased quantity more than 20.

mysql> SELECT pname from Product where pid in(select pid from INVOICE_ITEM WHERE quantity >20);
+-------+
| pname |
+-------+
| pen   |
+-------+
1 row in set (0.00 sec)

********************************************************************************************************************************************


4.    Find the product that has no sale.

mysql> SELECT * from Product where pid NOT  in(select pid from INVOICE_ITEM);
+-----+--------+-------+
| pid | pname  | price |
+-----+--------+-------+
|  12 | book   |    51 |
|  14 | pencil |    51 |
|  15 | box    |   102 |
|  16 | bat    |   612 |
|  18 | baloon |    31 |
+-----+--------+-------+
5 rows in set (0.00 sec)
********************************************************************************************************************************************


5.    List the customer names who purchased the items ‘pen’ and ‘pencil’.
 
 SELECT name FROM Customer WHERE id IN (select id from INVOICE_MASTER where inv_id in (select inv_id from INVOICE_ITEM  where pid in (select pid from Product where pname="PEN" OR pname="PENCIL")));
+---------+
| name    |
+---------+
| akshara |
+---------+
1 row in set (0.01 sec)

***************************************************************************************************************************************************



6.    Display the purchased product details of the customer ’xyz’.

mysql> SELECT * FROM Product WHERE pid IN(SELECT pid FROM INVOICE_ITEM WHERE inv_id IN(SELECT inv_id FROM INVOICE_MASTER WHERE id IN(SELECT id FROM Customer WHERE name='kichu')));
+-----+-------+-------+
| pid | pname | price |
+-----+-------+-------+
|  17 | ball  |    41 |
+-----+-------+-------+
1 row in set (0.00 sec)
***************************************************************************************************************************************************



7.    List the names of all customers who have purchased at least 2 products, make sure that no duplicate names in the result.

mysql>  SELECT DISTINCT name FROM Customer WHERE id IN(SELECT id FROM INVOICE_MASTER WHERE inv_id IN (SELECT inv_id FROM INVOICE_ITEM GROUP BY inv_id HAVING COUNT(*)>1));    //WRONG QUERY
+---------+
| name    |
+---------+
| akshara |
+---------+
1 row in set (0.00 sec)


//LIST THE TABLES FIRST
//RESUBMIT
//VERIFIED
