1.    List product name, price except bat on price order.



mysql> select * from Product;
+-----+--------+-------+
| pid | pname  | price |
+-----+--------+-------+
|  12 | book   |    51 |
|  13 | pen    |   102 |
|  14 | pencil |    51 |
|  15 | box    |   102 |
|  16 | bat    |   612 |
|  17 | ball   |    41 |
|  18 | baloon |    31 |
+-----+--------+-------+
7 rows in set (0.00 sec)


mysql> select pname,price from Product where pname!='bat' order by price; //WRONG QUERY
+--------+-------+
| pname  | price |
+--------+-------+
| baloon |    31 |
| ball   |    41 |
| book   |    51 |
| pencil |    51 |
| pen    |   102 |
| box    |   102 |
+--------+-------+
6 rows in set (0.00 sec)





2.    Find minimum, maximum and average price of products.


mysql> select min(price),max(price),avg(price) from Product;
+------------+------------+------------+
| min(price) | max(price) | avg(price) |
+------------+------------+------------+
|         31 |        612 |   141.4286 |
+------------+------------+------------+
1 row in set (0.01 sec)




3.     Find number of customers in each city.


mysql> select city,count(id) from Customer group by city;
+-----------------+-----------+
| city            | count(id) |
+-----------------+-----------+
| kannur          |         1 |
| kozhikode       |         1 |
| ktym            |         2 |
| mahe            |         1 |
| malappuram      |         1 |
| perinthalmaanna |         1 |
| perithalmanna   |         1 |
| thrisssur       |         1 |
+-----------------+-----------+
8 rows in set (0.00 sec)




4.    Find number of customers in each city, only include city with more than 3 customers.



mysql> select count(*),city from Customer group by city having count(*)>1;
+----------+------+
| count(*) | city |
+----------+------+
|        2 | ktym |
+----------+------+
1 row in set (0.00 sec)




5.    Show data as displayed ‘who, where’ Eg: ‘customer1 lives in ekm’.


mysql> select concat(name, "lives in", city)as cust_info from Customer;
+------------------------------+
| cust_info                    |
+------------------------------+
| aaliyalives inktym           |
| aksharalives inkozhikode     |
| nileenalives inkannur        |
| femilives inthrisssur        |
| hibalives inperithalmanna    |
| kichulives inperinthalmaanna |
| vyshlives inmalappuram       |
| aalilives inktym             |
| fidhalives inmahe            |
+------------------------------+
9 rows in set (0.00 sec)



//WRONG QUERY, RESUBMIT
//VERIFIED
