mysql> select * from Customer;
+-----+---------+-------------+-----------------+-------------+
| id  | name    | address     | city            | ph_no       |
+-----+---------+-------------+-----------------+-------------+
| 120 | aaliya  | veede       | ktym            | 456465656   |
| 121 | akshara | manakattu   | kozhikode       | 3454566770  |
| 122 | nileena | palathinkal | kannur          | 3495854495  |
| 123 | femi    | kuduimbam   | thrisssur       | 34545343400 |
| 124 | hiba    | parambil    | perithalmanna   | 1234567780  |
| 126 | kichu   | nalukatte   | perinthalmaanna | 3445667778  |
| 127 | vysh    | koledathe   | malappuram      | 3433354400  |
| 128 | aali    | baithul     | ktym            |             |
| 145 | fidha   | pallath     | mahe            | NULL        |
+-----+---------+-------------+-----------------+-------------+
9 rows in set (0.00 sec)

mysql> select * from Products;
+---------+--------+-----+----------+
| NAME    | inv_id | pid | quantity |
+---------+--------+-----+----------+
| akshara |     12 |  13 |       75 |
| akshara |     12 |  13 |       75 |
| kichu   |     16 |  17 |       20 |
+---------+--------+-----+----------+
3 rows in set (0.03 sec)

mysql> select * from INVOICE_ITEM;
+--------+------+----------+
| inv_id | pid  | quantity |
+--------+------+----------+
|     12 |   13 |       75 |
|     12 |   13 |       75 |
|     16 |   17 |       20 |
+--------+------+----------+
3 rows in set (0.00 sec)

mysql> select * from INVOICE_MASTER;
+--------+------+------------+
| inv_id | id   | inv_date   |
+--------+------+------------+
|     12 |  121 | 2023-01-20 |
|     13 |  123 | 2023-01-10 |
|     16 |  126 | 2023-02-13 |
|     17 |  127 | 2023-03-15 |
+--------+------+------------+
4 rows in set (0.00 sec)
************************************************************************************************************************************************************

