                       EXPERIMENT NO: 1.9	OPTIMIZING DATABASE: (Using Set, arithmetic, logical and special operators)
                       *********************************************************************************************
                       
                       
   mysql> select * from Customer;
+-----+---------+-------------+-----------------+-------------+
| id  | name    | address     | city            | ph_no       |
+-----+---------+-------------+-----------------+-------------+
| 120 | aaliya  | veede       | ktym            | 456465656   |
| 121 | akshara | manakattu   | kozhikode       | 3454566770  |
| 122 | nileena | palathinkal | kannur          | 3495854495  |
| 123 | femi    | kuduimbam   | thrisssur       | 34545343400 |
| 124 | hiba    | parambil    | perithalmanna   | 1234567780  |
| 126 | kichu   | nalukatte   | perinthalmaanna | 3445667778  |
| 127 | vysh    | koledathe   | malappuram      | 3433354400  |
| 128 | aali    | baithul     | ktym            |             |
| 145 | fidha   | pallath     | mahe            | NULL        |
+-----+---------+-------------+-----------------+-------------+
9 rows in set (0.00 sec)

mysql> SELECT * FROM Product;
+-----+--------+-------+
| pid | pname  | price |
+-----+--------+-------+
|  12 | book   |    56 |
|  13 | pen    |   107 |
|  14 | pencil |    56 |
|  15 | box    |   107 |
|  16 | bat    |   617 |
|  17 | ball   |    46 |
|  18 | baloon |    36 |
+-----+--------+-------+
7 rows in set (0.00 sec)


mysql> select * from INVOICE_ITEM;
+--------+------+----------+
| inv_id | pid  | quantity |
+--------+------+----------+
|     12 |   13 |       75 |
|     12 |   13 |       75 |
|     16 |   17 |       20 |
+--------+------+----------+
3 rows in set (0.00 sec)

mysql> select * from INVOICE_MASTER;
+--------+------+------------+
| inv_id | id   | inv_date   |
+--------+------+------------+
|     12 |  121 | 2023-01-20 |
|     13 |  123 | 2023-01-10 |
|     16 |  126 | 2023-02-13 |
|     17 |  127 | 2023-03-15 |
+--------+------+------------+
4 rows in set (0.00 sec)
****************************************************************************************************************************************************
                       EXPERIMENT NO: 1.9	OPTIMIZING DATABASE: (Using Set, arithmetic, logical and special operators)
                       *********************************************************************************************


1.Display customer_id, city  who lives either in ‘KZKD’ or in ‘THRS’

mysql> SELECT id,city  FROM Customer WHERE city="KOZHIKODE" OR city="THRISSSUR";
+-----+-----------+
| id  | city      |
+-----+-----------+
| 121 | kozhikode |
| 123 | thrisssur |
+-----+-----------+
2 rows in set (0.00 sec)

 2.Display product details with an updated price amount(new price= old price+5rs)



mysql> UPDATE Product SET price=price+5;
Query OK, 7 rows affected (0.09 sec)
Rows matched: 7  Changed: 7  Warnings: 0

mysql> SELECT * FROM Product;
+-----+--------+-------+
| pid | pname  | price |
+-----+--------+-------+
|  12 | book   |    56 |
|  13 | pen    |   107 |
|  14 | pencil |    56 |
|  15 | box    |   107 |
|  16 | bat    |   617 |
|  17 | ball   |    46 |
|  18 | baloon |    36 |
+-----+--------+-------+
7 rows in set (0.00 sec)

 3.Display customer details who doesn’t have phone number and lives in ‘mahe’ city (use logical operators)

mysql>   SELECT * FROM Customer WHERE ph_no IS NULL AND city="mahe";
+-----+-------+---------+------+-------+
| id  | name  | address | city | ph_no |
+-----+-------+---------+------+-------+
| 145 | fidha | pallath | mahe | NULL  |
+-----+-------+---------+------+-------+
1 row in set (0.00 sec)


4.List the product names if it finds any records in the invoice items table has quantity =4 (use special operators)


mysql> select pname from Product WHERE pid IN(SELECT pid from INVOICE_ITEM WHERE quantity=20);
+-------+
| pname |
+-------+
| ball  |
+-------+
1 row in set (0.00 sec)



                       
