1.2 DML COMMANDS 
******************
      a) DML COMMANDS-INSERT
                     
1.      Insert values in EMPLOYEE table.
                       
         mysql> use aali;                                                                                                                        
Reading table information for completion of table and column names
You can turn off this feature to get a quicker startup with -A

Database changed
mysql> INSERT INTO EMPLOYEE VALUES(102,'ALEEFA','CHENNAI',1999,23434345),(103,'NILEENA','KANNUR',1998,2343435),(104,'AALIYA','EKM',2000,43545456),(105,'SREYA','THRS',2001,324234235);
Query OK, 4 rows affected (0.03 sec)
Records: 4  Duplicates: 0  Warnings: 0

mysql> SELECT * FROM EMPLOYEE ;
+------+---------+---------+------+-----------+
| SSN  | name    | city    | dob  | adhar_no  |
+------+---------+---------+------+-----------+
|  101 | akshara | kolkata | 1998 |    234567 |
|  102 | ALEEFA  | CHENNAI | 1999 |  23434345 |
|  103 | NILEENA | KANNUR  | 1998 |   2343435 |
|  104 | AALIYA  | EKM     | 2000 |  43545456 |
|  105 | SREYA   | THRS    | 2001 | 324234235 |
+------+---------+---------+------+-----------+
5 rows in set (0.00 sec)           
 
 2.      Insert values in STUDENT table.
 
 mysql> INSERT INTO STUDENT VALUES(21,'HARI',22,'m','fbsdhbfh'),(11,'NILEENA',24,'f','fnsdjfhjsdkfj'),(12,'AALIYA',22,'f','veede'),(15,'kichu',21,'m','dbhfhdjfh');
Query OK, 4 rows affected (0.04 sec)
Records: 4  Duplicates: 0  Warnings: 0

mysql> SELECT * FROM STUDENT ;
+---------+---------+------+--------+---------------+
| roll_no | name    | age  | gender | address       |
+---------+---------+------+--------+---------------+
|      10 | aaliya  |  100 | m      | asadsds       |
|      11 | NILEENA |   24 | f      | fnsdjfhjsdkfj |
|      12 | AALIYA  |   22 | f      | veede         |
|      15 | kichu   |   21 | m      | dbhfhdjfh     |
|      21 | HARI    |   22 | m      | fbsdhbfh      |
+---------+---------+------+--------+---------------+
5 rows in set (0.00 sec)

 
 
 3.      Insert values in INVOICE database. 
 
     //VERIFIED
