1.2 DML COMMANDS 
******************
      a) DML COMMANDS-INSERT
                     
1.      Insert values in EMPLOYEE table.
                       
         mysql> use aali;                                                                                                                        
Reading table information for completion of table and column names
You can turn off this feature to get a quicker startup with -A

Database changed
mysql> INSERT INTO EMPLOYEE VALUES(102,'ALEEFA','CHENNAI',1999,23434345),(103,'NILEENA','KANNUR',1998,2343435),(104,'AALIYA','EKM',2000,43545456),(105,'SREYA','THRS',2001,324234235);
Query OK, 4 rows affected (0.03 sec)
Records: 4  Duplicates: 0  Warnings: 0

mysql> SELECT * FROM EMPLOYEE ;
+------+---------+---------+------+-----------+
| SSN  | name    | city    | dob  | adhar_no  |
+------+---------+---------+------+-----------+
|  101 | akshara | kolkata | 1998 |    234567 |
|  102 | ALEEFA  | CHENNAI | 1999 |  23434345 |
|  103 | NILEENA | KANNUR  | 1998 |   2343435 |
|  104 | AALIYA  | EKM     | 2000 |  43545456 |
|  105 | SREYA   | THRS    | 2001 | 324234235 |
+------+---------+---------+------+-----------+
5 rows in set (0.00 sec)           
 
 2.      Insert values in STUDENT table.
 
 mysql> INSERT INTO STUDENT VALUES(21,'HARI',22,'m','fbsdhbfh'),(11,'NILEENA',24,'f','fnsdjfhjsdkfj'),(12,'AALIYA',22,'f','veede'),(15,'kichu',21,'m','dbhfhdjfh');
Query OK, 4 rows affected (0.04 sec)
Records: 4  Duplicates: 0  Warnings: 0

mysql> SELECT * FROM STUDENT ;
+---------+---------+------+--------+---------------+
| roll_no | name    | age  | gender | address       |
+---------+---------+------+--------+---------------+
|      10 | aaliya  |  100 | m      | asadsds       |
|      11 | NILEENA |   24 | f      | fnsdjfhjsdkfj |
|      12 | AALIYA  |   22 | f      | veede         |
|      15 | kichu   |   21 | m      | dbhfhdjfh     |
|      21 | HARI    |   22 | m      | fbsdhbfh      |
+---------+---------+------+--------+---------------+
5 rows in set (0.00 sec)

 
 
 3.      Insert values in INVOICE database. 
 
     
     mysql> use INVOICE;
Reading table information for completion of table and column names
You can turn off this feature to get a quicker startup with -A

Database changed
mysql> show tables;
+-------------------+
| Tables_in_INVOICE |
+-------------------+
| Customer          |
| INVOICE_ITEM      |
| INVOICE_MASTER    |
| Product           |
+-------------------+
4 rows in set (0.00 sec)

mysql> alter table Customer modify ph_no varchar(11);
Query OK, 0 rows affected (0.53 sec)
Records: 0  Duplicates: 0  Warnings: 0

mysql> desc Customer;
+---------+-------------+------+-----+---------+-------+
| Field   | Type        | Null | Key | Default | Extra |
+---------+-------------+------+-----+---------+-------+
| id      | int(20)     | NO   | PRI | NULL    |       |
| name    | varchar(25) | YES  |     | NULL    |       |
| address | varchar(30) | YES  |     | NULL    |       |
| city    | varchar(20) | YES  |     | NULL    |       |
| ph_no   | varchar(11) | YES  |     | NULL    |       |
+---------+-------------+------+-----+---------+-------+
5 rows in set (0.00 sec)

mysql> insert into Customer values(120,'aaliya','veede','ktym',456465656),(121,'akshara','manakattu','ekm',3454566770),(122,'nileena','palathinkal','kannur',3495854495),(123,'femi','kuduimbam','thrisssur',34545343400),(124,'hiba','manzil','malappuram',7889975333),(125,'hari','nalukett','palakkad',2345567800),(126,'kichu','nalukatte','perinthalmaanna',3445667778),(127,'vysh','koledathe','malappuram',3433354400),(128,'aali','managalam','ekm',2345677889);
Query OK, 8 rows affected (0.04 sec)
Records: 8  Duplicates: 0  Warnings: 0

insert into Customer (id ,name,address,city)values(129,'sallu','baithul','ktym');
Query OK, 1 row affected (0.03 sec)

mysql> SELECT * FROM Customer;
+-----+---------+-------------+-----------------+-------------+
| id  | name    | address     | city            | ph_no       |
+-----+---------+-------------+-----------------+-------------+
| 120 | aaliya  | veede       | ktym            | 456465656   |
| 121 | akshara | manakattu   | ekm             | 3454566770  |
| 122 | nileena | palathinkal | kannur          | 3495854495  |
| 123 | femi    | kuduimbam   | thrisssur       | 34545343400 |
| 124 | hiba    | manzil      | malappuram      | 7889975333  |
| 125 | hari    | nalukett    | palakkad        | 2345567800  |
| 126 | kichu   | nalukatte   | perinthalmaanna | 3445667778  |
| 127 | vysh    | koledathe   | malappuram      | 3433354400  |
| 128 | aali    | mangalam    | ekm             | 2345677889  |
| 129 | sallu   | baithul     | ktym            | NULL        |
+-----+---------+-------------+-----------------+-------------+
10 rows in set (0.00 sec)



DESC Product;
+-------+-------------+------+-----+---------+-------+
| Field | Type        | Null | Key | Default | Extra |
+-------+-------------+------+-----+---------+-------+
| pid   | int(22)     | NO   | PRI | NULL    |       |
| pname | varchar(20) | YES  |     | NULL    |       |
| price | int(11)     | YES  |     | 0       |       |
+-------+-------------+------+-----+---------+-------+
3 rows in set (0.00 sec)

mysql> INSERT INTO Product  VALUES(12,'book',40),(13,'pen',100),(14,'pencil',50),(15,'box',100),(16,'bat',600),(17,'ball',40),(18,'baloon',30);
Query OK, 7 rows affected (0.04 sec)
Records: 7  Duplicates: 0  Warnings: 0

mysql> select * from Product;
+-----+--------+-------+
| pid | pname  | price |
+-----+--------+-------+
|  12 | book   |    40 |
|  13 | pen    |   100 |
|  14 | pencil |    50 |
|  15 | box    |   100 |
|  16 | bat    |   600 |
|  17 | ball   |    40 |
|  18 | baloon |    30 |
+-----+--------+-------+
7 rows in set (0.00 sec)

mysql> desc INVOICE_MASTER;                                                     +----------+---------+------+-----+---------+-------+
| Field    | Type    | Null | Key | Default | Extra |
+----------+---------+------+-----+---------+-------+
| inv_id   | int(11) | NO   | PRI | NULL    |       |
| id       | int(11) | YES  | MUL | NULL    |       |
| inv_date | date    | YES  |     | NULL    |       |
+----------+---------+------+-----+---------+-------+
3 rows in set (0.00 sec)

mysql> SELECT * FROM INVOICE_MASTER;
+--------+------+------------+
| inv_id | id   | inv_date   |
+--------+------+------------+
|     12 |  121 | 2023-01-20 |
|     13 |  123 | 2023-01-10 |
|     14 |  124 | 2023-01-23 |
|     15 |  125 | 2023-02-27 |
|     16 |  126 | 2023-02-13 |
|     17 |  127 | 2023-03-15 |
+--------+------+------------+
6 rows in set (0.00 sec)

mysql> DESC INVOICE_ITEM;
+----------+---------+------+-----+---------+-------+
| Field    | Type    | Null | Key | Default | Extra |
+----------+---------+------+-----+---------+-------+
| inv_id   | int(11) | YES  | MUL | NULL    |       |
| pid      | int(30) | YES  | MUL | NULL    |       |
| quantity | int(11) | YES  |     | NULL    |       |
+----------+---------+------+-----+---------+-------+
3 rows in set (0.00 sec)
mysql> insert into INVOICE_ITEM values(12,13,20),(13,14,30),(14,15,10),(15,16,15),(16,17,20),(17,18,5);
Query OK, 6 rows affected (0.10 sec)
Records: 6  Duplicates: 0  Warnings: 0

mysql> SELECT * FROM INVOICE_ITEM;
+--------+------+----------+
| inv_id | pid  | quantity |
+--------+------+-----------
|     12 |   13 |       20 |
|     13 |   14 |       30 |
|     14 |   15 |       10 |
|     15 |   16 |       15 |
|     16 |   17 |       20 |
|     17 |   18 |        5 |
+--------+------+----------+
7 rows in set (0.00 sec)


b)DML COMMANDS- UPDATE
     
 1. Update the price of a particular product. 
  
  mysql> select * from Product;
+-----+--------+-------+
| pid | pname  | price |
+-----+--------+-------+
|  12 | book   |    40 |
|  13 | pen    |   100 |
|  14 | pencil |    50 |
|  15 | box    |   100 |
|  16 | bat    |   600 |
|  17 | ball   |    40 |
|  18 | baloon |    30 |
+-----+--------+-------+
7 rows in set (0.00 sec)
       
      
mysql> update Product set price=50 where pid=12;
Query OK, 1 row affected (0.06 sec)
Rows matched: 1  Changed: 1  Warnings: 0

mysql> select * from Product;
+-----+--------+-------+
| pid | pname  | price |
+-----+--------+-------+
|  12 | book   |    50 |
|  13 | pen    |   100 |
|  14 | pencil |    50 |
|  15 | box    |   100 |
|  16 | bat    |   600 |
|  17 | ball   |    40 |
|  18 | baloon |    30 |
+-----+--------+-------+
7 rows in set (0.00 sec)


            
            
 2. Change the name of city ‘calicut’ to ‘kozhikode’ in the customer table. 

mysql> select * from Customer;
+-----+---------+-------------+-----------------+-------------+
| id  | name    | address     | city            | ph_no       |
+-----+---------+-------------+-----------------+-------------+
| 120 | aaliya  | veede       | ktym            | 456465656   |
| 121 | akshara | manakattu   | calicut         | 3454566770  |
| 122 | nileena | palathinkal | kannur          | 3495854495  |
| 123 | femi    | kuduimbam   | thrisssur       | 34545343400 |
| 124 | hiba    | manzil      | malappuram      | 7889975333  |
| 125 | hari    | nalukett    | palakkad        | 2345567800  |
| 126 | kichu   | nalukatte   | perinthalmaanna | 3445667778  |
| 127 | vysh    | koledathe   | malappuram      | 3433354400  |
| 128 | aali    | baithul     | ktym            |             |
| 129 | sallu   | baithul     | ktym            | NULL        |
+-----+---------+-------------+-----------------+-------------+
10 rows in set (0.00 sec)
mysql> update Customer set city="kozhikode" where city="calicut";
Query OK, 1 row affected (0.04 sec)
Rows matched: 1  Changed: 1  Warnings: 0

mysql> select * from Customer;
+-----+---------+-------------+-----------------+-------------+
| id  | name    | address     | city            | ph_no       |
+-----+---------+-------------+-----------------+-------------+
| 120 | aaliya  | veede       | ktym            | 456465656   |
| 121 | akshara | manakattu   | kozhikode       | 3454566770  |
| 122 | nileena | palathinkal | kannur          | 3495854495  |
| 123 | femi    | kuduimbam   | thrisssur       | 34545343400 |
| 124 | hiba    | manzil      | malappuram      | 7889975333  |
| 125 | hari    | nalukett    | palakkad        | 2345567800  |
| 126 | kichu   | nalukatte   | perinthalmaanna | 3445667778  |
| 127 | vysh    | koledathe   | malappuram      | 3433354400  |
| 128 | aali    | baithul     | ktym            |             |
| 129 | sallu   | baithul     | ktym            | NULL        |
+-----+---------+-------------+-----------------+-------------+
10 rows in set (0.00 sec)

 3. Update all prices with 2% of its original price.
 
  mysql> select * from Product;
+-----+--------+-------+
| pid | pname  | price |
+-----+--------+-------+
|  12 | book   |    50 |
|  13 | pen    |   100 |
|  14 | pencil |    50 |
|  15 | box    |   100 |
|  16 | bat    |   600 |
|  17 | ball   |    40 |
|  18 | baloon |    30 |
+-----+--------+-------+
7 rows in set (0.00 sec)

mysql> update Product set price=price+(price*2/100);
Query OK, 7 rows affected (0.06 sec)
Rows matched: 7  Changed: 7  Warnings: 0

mysql> select * from Product;
+-----+--------+-------+
| pid | pname  | price |
+-----+--------+-------+
|  12 | book   |    51 |
|  13 | pen    |   102 |
|  14 | pencil |    51 |
|  15 | box    |   102 |
|  16 | bat    |   612 |
|  17 | ball   |    41 |
|  18 | baloon |    31 |
+-----+--------+-------+
7 rows in set (0.00 sec)



 
 4. Change the address, city, phone number of a particular customer.
 
 mysql> select * from Customer;
+-----+---------+-------------+-----------------+-------------+
| id  | name    | address     | city            | ph_no       |
+-----+---------+-------------+-----------------+-------------+
| 120 | aaliya  | veede       | ktym            | 456465656   |
| 121 | akshara | manakattu   | kozhikode       | 3454566770  |
| 122 | nileena | palathinkal | kannur          | 3495854495  |
| 123 | femi    | kuduimbam   | thrisssur       | 34545343400 |
| 124 | hiba    | manzil      | malappuram      | 7889975333  |
| 125 | hari    | nalukett    | palakkad        | 2345567800  |
| 126 | kichu   | nalukatte   | perinthalmaanna | 3445667778  |
| 127 | vysh    | koledathe   | malappuram      | 3433354400  |
| 128 | aali    | baithul     | ktym            |             |
| 129 | sallu   | baithul     | ktym            | NULL        |
+-----+---------+-------------+-----------------+-------------+
10 rows in set (0.00 sec)

mysql> update Customer set address="parambil",city="perithalmanna",ph_no=123456778  where id=124;
Query OK, 1 row affected (0.05 sec)
Rows matched: 1  Changed: 1  Warnings: 0

mysql> select * from Customer;
+-----+---------+-------------+-----------------+-------------+
| id  | name    | address     | city            | ph_no       |
+-----+---------+-------------+-----------------+-------------+
| 120 | aaliya  | veede       | ktym            | 456465656   |
| 121 | akshara | manakattu   | kozhikode       | 3454566770  |
| 122 | nileena | palathinkal | kannur          | 3495854495  |
| 123 | femi    | kuduimbam   | thrisssur       | 34545343400 |
| 124 | hiba    | parambil    | perithalmanna   | 1234567780  |
| 125 | hari    | nalukett    | palakkad        | 2345567800  |
| 126 | kichu   | nalukatte   | perinthalmaanna | 3445667778  |
| 127 | vysh    | koledathe   | malappuram      | 3433354400  |
| 128 | aali    | baithul     | ktym            |             |
| 129 | sallu   | baithul     | ktym            | NULL        |
+-----+---------+-------------+-----------------+-------------+
10 rows in set (0.00 sec)

 
 5. Change the quantity of a purchased product of inv_id ‘101’

mysql> select * from INVOICE_ITEM;
+--------+------+----------+
| inv_id | pid  | quantity |
+--------+------+----------+
|     101|   13 |       50 |
|     102|   14 |       30 |
|     103|   15 |       10 |
|     104|   16 |       15 |
|     105|   17 |       20 |
|     106|   18 |        5 |
+--------+------+----------+
7 rows in set (0.00 sec)


mysql> update INVOICE_ITEM set quantity=75 where inv_id=101;
Query OK, 2 rows affected (0.03 sec)
Rows matched: 2  Changed: 2  Warnings: 0

mysql> select * from INVOICE_ITEM;
+--------+------+----------+
| inv_id | pid  | quantity |
+--------+------+----------+
|     101|   13 |       75 |
|     102|   14 |       30 |
|     103|   15 |       10 |
|     104|   16 |       15 |
|     105|   17 |       20 |
|     106|   18 |        5 |
+--------+------+----------+
7 rows in set (0.00 sec)


 c) DML COMMAND- DELETE
 _______________________
                      
1. Delete the record of customer id ‘125’. 
                     
  mysql> select * from Customer;
+-----+---------+-------------+-----------------+-------------+
| id  | name    | address     | city            | ph_no       |
+-----+---------+-------------+-----------------+-------------+
| 120 | aaliya  | veede       | ktym            | 456465656   |
| 121 | akshara | manakattu   | kozhikode       | 3454566770  |
| 122 | nileena | palathinkal | kannur          | 3495854495  |
| 123 | femi    | kuduimbam   | thrisssur       | 34545343400 |
| 124 | hiba    | parambil    | perithalmanna   | 1234567780  |
| 125 | hari    | nalukett    | palakkad        | 2345567800  |
| 126 | kichu   | nalukatte   | perinthalmaanna | 3445667778  |
| 127 | vysh    | koledathe   | malappuram      | 3433354400  |
| 128 | aali    | baithul     | ktym            |             |
| 129 | sallu   | baithul     | ktym            | NULL        |
+-----+---------+-------------+-----------------+-------------+
10 rows in set (0.00 sec)

mysql> DELETE FROM Customer WHERE id=125;
Query OK, 1 row affected (0.03 sec)

mysql> SELECT * FROM Customer;
+-----+---------+-------------+-----------------+-------------+
| id  | name    | address     | city            | ph_no       |
+-----+---------+-------------+-----------------+-------------+
| 120 | aaliya  | veede       | ktym            | 456465656   |
| 121 | akshara | manakattu   | kozhikode       | 3454566770  |
| 122 | nileena | palathinkal | kannur          | 3495854495  |
| 123 | femi    | kuduimbam   | thrisssur       | 34545343400 |
| 124 | hiba    | parambil    | perithalmanna   | 1234567780  |
| 126 | kichu   | nalukatte   | perinthalmaanna | 3445667778  |
| 127 | vysh    | koledathe   | malappuram      | 3433354400  |
| 128 | aali    | baithul     | ktym            |             |
| 129 | sallu   | baithul     | ktym            | NULL        |
+-----+---------+-------------+-----------------+-------------+
9 rows in set (0.00 sec)



          
2. Delete all purchase details of items its quantity less than 20.

mysql> SELECT * FROM INVOICE_ITEM;
+--------+------+----------+
| inv_id | pid  | quantity |
+--------+------+----------+
|     12 |   13 |       75 |
|     12 |   13 |       75 |
|     13 |   14 |       30 |
|     14 |   15 |       10 |
|     16 |   17 |       20 |
|     17 |   18 |        5 |
+--------+------+----------+
6 rows in set (0.00 sec)

mysql> delete from INVOICE_ITEM WHERE quantity<20;
Query OK, 2 rows affected (0.04 sec)

mysql> SELECT * FROM INVOICE_ITEM;
+--------+------+----------+
| inv_id | pid  | quantity |
+--------+------+----------+
|     12 |   13 |       75 |
|     12 |   13 |       75 |
|     13 |   14 |       30 |
|     16 |   17 |       20 |
+--------+------+----------+
4 rows in set (0.00 sec)



3. Delete the purchase details of product ‘pen’ in the in_id ‘101’.
mysql> SELECT * FROM Product;
+-----+--------+-------+
| pid | pname  | price |
+-----+--------+-------+
|  12 | book   |    51 |
|  13 | pen    |   102 |
|  14 | pencil |    51 |
|  15 | box    |   102 |
|  16 | bat    |   612 |
|  17 | ball   |    41 |
|  18 | baloon |    31 |
+-----+--------+-------+
7 rows in set (0.00 sec)

mysql> SELECT * FROM INVOICE_ITEM;
+--------+------+----------+
| inv_id | pid  | quantity |
+--------+------+----------+
|     12 |   13 |       75 |
|     12 |   13 |       75 |
|     13 |   14 |       30 |
|     16 |   17 |       20 |
+--------+------+----------+
4 rows in set (0.00 sec)

mysql> delete from INVOICE_ITEM WHERE inv_id=13 and pid=14;
Query OK, 1 row affected (0.03 sec)

mysql> SELECT * FROM INVOICE_ITEM;
+--------+------+----------+
| inv_id | pid  | quantity |
+--------+------+----------+
|     12 |   13 |       75 |
|     12 |   13 |       75 |
|     16 |   17 |       20 |
+--------+------+----------+
3 rows in set (0.00 sec)


4. Delete details of employees who does not have phone number.

mysql> SELECT * FROM Customer;;
+-----+---------+-------------+-----------------+-------------+
| id  | name    | address     | city            | ph_no       |
+-----+---------+-------------+-----------------+-------------+
| 120 | aaliya  | veede       | ktym            | 456465656   |
| 121 | akshara | manakattu   | kozhikode       | 3454566770  |
| 122 | nileena | palathinkal | kannur          | 3495854495  |
| 123 | femi    | kuduimbam   | thrisssur       | 34545343400 |
| 124 | hiba    | parambil    | perithalmanna   | 1234567780  |
| 126 | kichu   | nalukatte   | perinthalmaanna | 3445667778  |
| 127 | vysh    | koledathe   | malappuram      | 3433354400  |
| 129 | sallu   | baithul     | ktym            | NULL        |
+-----+---------+-------------+-----------------+-------------+
9 rows in set (0.00 sec)

mysql> delete from Customer WHERE ph_no is NULL;
Query OK, 1 row affected (0.04 sec)

mysql> SELECT * FROM Customer;
+-----+---------+-------------+-----------------+-------------+
| id  | name    | address     | city            | ph_no       |
+-----+---------+-------------+-----------------+-------------+
| 120 | aaliya  | veede       | ktym            | 456465656   |
| 121 | akshara | manakattu   | kozhikode       | 3454566770  |
| 122 | nileena | palathinkal | kannur          | 3495854495  |
| 123 | femi    | kuduimbam   | thrisssur       | 34545343400 |
| 124 | hiba    | parambil    | perithalmanna   | 1234567780  |
| 126 | kichu   | nalukatte   | perinthalmaanna | 3445667778  |
| 127 | vysh    | koledathe   | malappuram      | 3433354400  |
+-----+---------+-------------+-----------------+-------------+
8 rows in set (0.00 sec)



5. Delete all records from STUDENT table. 
mysql> USE aali;
Reading table information for completion of table and column names
You can turn off this feature to get a quicker startup with -A

Database changed
mysql> show tables;
+----------------+
| Tables_in_aali |
+----------------+
| Customer       |
| EMPLOYEE       |
| INVOICE_MASTER |
| STUDENT        |
| book           |
| student        |
+----------------+
6 rows in set (0.00 sec)

mysql> select *from STUDENT;
+---------+---------+------+--------+---------------+
| roll_no | name    | age  | gender | address       |
+---------+---------+------+--------+---------------+
|      10 | aaliya  |  100 | m      | asadsds       |
|      11 | NILEENA |   24 | f      | fnsdjfhjsdkfj |
|      12 | AALIYA  |   22 | f      | veede         |
|      15 | kichu   |   21 | m      | dbhfhdjfh     |
|      21 | HARI    |   22 | m      | fbsdhbfh      |
+---------+---------+------+--------+---------------+
5 rows in set (0.00 sec)

mysql> DELETE FROM STUDENT;
Query OK, 5 rows affected (0.03 sec)

mysql> select*from STUDENT;
Empty set (0.00 sec)


6. Delete Invoice details of a particular customer.

mysql> SELECT * FROM INVOICE_MASTER;
+--------+------+------------+
| inv_id | id   | inv_date   |
+--------+------+------------+
|     12 |  121 | 2023-01-20 |
|     13 |  123 | 2023-01-10 |
|     14 |  124 | 2023-01-23 |
|     16 |  126 | 2023-02-13 |
|     17 |  127 | 2023-03-15 |
+--------+------+------------+
5 rows in set (0.00 sec)

mysql> DELETE FROM INVOICE_MASTER WHERE ID=124;
Query OK, 1 row affected (0.06 sec)

mysql> SELECT * FROM INVOICE_MASTER;
+--------+------+------------+
| inv_id | id   | inv_date   |
+--------+------+------------+
|     12 |  121 | 2023-01-20 |
|     13 |  123 | 2023-01-10 |
|     16 |  126 | 2023-02-13 |
|     17 |  127 | 2023-03-15 |
+--------+------+------------+
4 rows in set (0.00 sec)


//VERIFIED
